{
  "timestamp": "2026-05-06T22:40:06.639586",
  "window_seconds": 10,
  "aggregations": {
    "BTCUSDT": {
      "avg_price": 81309.30388888891,
      "min_price": 81309.3,
      "max_price": 81309.31,
      "event_count": 18
    }
  }
}