{
  "timestamp": "2026-05-06T22:40:27.289803",
  "window_seconds": 10,
  "aggregations": {
    "BTCUSDT": {
      "avg_price": 81311.59699999998,
      "min_price": 81311.59,
      "max_price": 81311.6,
      "event_count": 10
    }
  }
}