{
  "timestamp": "2026-05-06T22:44:25.588370",
  "window_seconds": 10,
  "aggregations": {
    "BTCUSDT": {
      "avg_price": 81309.5174285714,
      "min_price": 81309.51,
      "max_price": 81309.52,
      "event_count": 35
    }
  }
}