{
  "timestamp": "2026-05-06T22:42:32.143615",
  "window_seconds": 10,
  "aggregations": {
    "BTCUSDT": {
      "avg_price": 81305.11722222224,
      "min_price": 81305.11,
      "max_price": 81305.12,
      "event_count": 18
    }
  }
}