{
  "timestamp": "2026-05-06T22:42:42.212637",
  "window_seconds": 10,
  "aggregations": {
    "BTCUSDT": {
      "avg_price": 81299.54581818172,
      "min_price": 81292.25,
      "max_price": 81305.12,
      "event_count": 440
    }
  }
}